{"cameraMode":{"drawMode":0,"name":"Shaded","section":"Shading Mode"},"sceneLighting":false,"audioPlay":false,"sceneViewState":{"showFog":true,"showMaterialUpdate":true,"showSkybox":false,"showFlares":false,"showImageEffects":true,"showParticleSystems":true},"in2DMode":false,"pivot":{"x":2.380736827850342,"y":1.7899999618530274,"z":-1.4968957901000977},"rotation":{"x":-0.7579970955848694,"y":0.15968063473701478,"z":0.59929358959198,"w":0.20196646451950074},"size":10.694281578063965,"orthographic":false}