{"cameraMode":{"drawMode":0,"name":"Shaded","section":"Shading Mode"},"sceneLighting":true,"audioPlay":false,"sceneViewState":{"showFog":true,"showMaterialUpdate":true,"showSkybox":true,"showFlares":false,"showImageEffects":true,"showParticleSystems":true},"in2DMode":false,"pivot":{"x":1681.24853515625,"y":472.00079345703127,"z":-2300.625732421875},"rotation":{"x":0.9717239141464233,"y":0.009403320029377938,"z":0.23284141719341279,"w":-0.03907917067408562},"size":2946.41650390625,"orthographic":false}