{"cameraMode":{"drawMode":0,"name":"Shaded","section":"Shading Mode"},"sceneLighting":false,"audioPlay":false,"sceneViewState":{"showFog":true,"showMaterialUpdate":true,"showSkybox":false,"showFlares":false,"showImageEffects":true,"showParticleSystems":true},"in2DMode":false,"pivot":{"x":0.18947768211364747,"y":3.25,"z":3.0469117164611818},"rotation":{"x":-0.009525807574391365,"y":0.12031126767396927,"z":-0.0011247147340327502,"w":-0.992706298828125},"size":72.67713165283203,"orthographic":false}